{"cameraMode":{"drawMode":0,"name":"Shaded","section":"Shading Mode"},"sceneLighting":true,"audioPlay":false,"sceneViewState":{"m_AlwaysRefresh":false,"showFog":true,"showSkybox":true,"showFlares":true,"showImageEffects":true,"showParticleSystems":true,"showVisualEffectGraphs":true,"m_FxEnabled":true},"in2DMode":false,"pivot":{"x":10.267318725585938,"y":-15.416522979736329,"z":-20.070383071899415},"rotation":{"x":0.015735330060124399,"y":0.9677348732948303,"z":-0.24361145496368409,"w":0.06250639259815216},"size":24.52574920654297,"orthographic":false}